[
    {
        "model_name": "daniel_base",
        "epochs": 30,
        "train_mae": 0.1985,
        "val_mae": 0.2207,
        "train_mse": 0.0743,
        "val_mse": 0.0732,
        "val_r2": 0.0531,
        "timestamp": "2025-05-24 22:00:00"
    },
    {
        "model_name": "cnn_baseline",
        "epochs": 30,
        "train_mae": 0.18068081140518188,
        "val_mae": 0.18386003375053406,
        "train_mse": 0.0626409649848938,
        "val_mse": 0.06556949019432068,
        "val_r2": 0.18525996804237366,
        "timestamp": "2025-05-25 13:22:53"
    },
    {
        "model_name": "cnn_dropout",
        "epochs": 30,
        "train_mae": 0.19392487406730652,
        "val_mae": 0.18874996900558472,
        "train_mse": 0.06878279149532318,
        "val_mse": 0.0705423504114151,
        "val_r2": 0.11603422462940216,
        "timestamp": "2025-05-25 13:28:36"
    },
    {
        "model_name": "cnn_batchnorm",
        "epochs": 30,
        "train_mae": 0.1683885157108307,
        "val_mae": 0.1818363219499588,
        "train_mse": 0.062404483556747437,
        "val_mse": 0.06578559428453445,
        "val_r2": 0.18124322593212128,
        "timestamp": "2025-05-25 13:34:43"
    }
]