number,value,params_activation,params_dropout_rate,params_filters_l0,params_filters_l1,params_filters_l2,params_filters_l3,params_filters_l4,params_lr,params_num_conv_layers,params_pool_type,params_use_batchnorm,params_use_dropout,state
0,inf,GELU,0.34856796041458016,64,128,128,64.0,,0.00025971430568700373,4,max,False,False,COMPLETE
1,inf,LeakyReLU,0.28149518411899194,16,128,64,,,0.00028717389349631925,3,avg,False,False,COMPLETE
2,inf,LeakyReLU,0.15984811340801963,16,16,16,128.0,,0.00021683770805168147,4,max,False,False,COMPLETE
3,inf,GELU,0.370965098826891,64,128,128,,,0.008422188174856945,3,max,True,True,COMPLETE
4,inf,GELU,0.3087130716431126,64,64,32,,,0.0037601048599617765,3,avg,True,True,COMPLETE
5,inf,ReLU,0.28994598382777537,32,32,128,64.0,,0.004385020959202951,4,max,True,True,COMPLETE
6,inf,GELU,0.38296141824103813,32,16,64,128.0,64.0,0.0002712239368492629,5,max,True,True,COMPLETE
7,inf,ReLU,0.42393143471128814,128,16,64,32.0,64.0,0.0016724736425689202,5,avg,False,False,COMPLETE
8,inf,LeakyReLU,0.47741654952695467,64,128,16,128.0,,0.008999831867230456,4,max,False,False,COMPLETE
9,inf,LeakyReLU,0.29167265343727045,16,16,64,,,0.0005149340384155743,3,avg,False,True,COMPLETE
10,inf,GELU,0.16448874652556456,128,32,128,64.0,,0.00011363740973135096,4,max,False,False,COMPLETE
11,inf,LeakyReLU,0.22471424124220374,16,128,32,,,0.000721351481847133,3,avg,False,False,COMPLETE
12,inf,GELU,0.23613281426307148,64,128,64,16.0,16.0,0.0002937019621254576,5,avg,False,False,COMPLETE
13,inf,LeakyReLU,0.3509108482010877,16,128,128,,,0.00010168870363131945,3,avg,False,False,COMPLETE
14,inf,ReLU,0.24729959366727447,16,64,64,64.0,,0.0014541684781722124,4,max,False,False,COMPLETE
15,inf,GELU,0.4480777579253532,64,128,128,32.0,,0.00044891213035989984,4,avg,False,False,COMPLETE
16,inf,LeakyReLU,0.12137766157081509,32,128,16,,,0.00017780108100328638,3,max,False,False,COMPLETE
17,inf,GELU,0.3357878942907362,128,128,32,16.0,32.0,0.0009522611857594978,5,avg,False,False,COMPLETE
18,inf,LeakyReLU,0.4041581255223116,16,32,64,,,0.00041762965384287745,3,max,True,False,COMPLETE
19,inf,ReLU,0.2596492744831288,64,64,128,64.0,,0.00016098224038152387,4,avg,False,False,COMPLETE
20,inf,GELU,0.19847577464943744,64,128,128,64.0,,0.000646639112268548,4,avg,False,False,COMPLETE
21,inf,LeakyReLU,0.11617116608017183,16,16,16,128.0,,0.0002695693468842884,4,max,False,False,COMPLETE
22,inf,LeakyReLU,0.18653662324688203,16,16,16,128.0,,0.000183251372128993,4,max,False,False,COMPLETE
23,inf,LeakyReLU,0.14335462569215843,16,16,16,128.0,128.0,0.0003298601523075665,5,max,False,False,COMPLETE
24,inf,LeakyReLU,0.32221862277431657,16,128,16,,,0.00020014044448853579,3,max,False,False,COMPLETE
25,inf,LeakyReLU,0.28150196403159744,16,16,16,16.0,,0.00014181108270403358,4,max,False,False,COMPLETE
26,inf,LeakyReLU,0.20383779324289894,32,64,64,32.0,16.0,0.00021787943288371797,5,max,True,True,COMPLETE
27,inf,LeakyReLU,0.3676015334214978,128,32,32,128.0,,0.00036969804267255615,4,max,False,False,COMPLETE
28,inf,ReLU,0.1550427513816999,16,128,64,,,0.0006227847166420904,3,avg,False,False,COMPLETE
29,inf,GELU,0.26732730036812413,64,128,128,64.0,,0.0011565731130735808,4,max,True,True,COMPLETE
